,resource_state,athlete,name,distance,moving_time,elapsed_time,total_elevation_gain,type,workout_type,id,external_id,upload_id,start_date,start_date_local,timezone,utc_offset,start_latlng,end_latlng,location_city,location_state,location_country,start_latitude,start_longitude,achievement_count,kudos_count,comment_count,athlete_count,photo_count,map,trainer,commute,manual,private,visibility,flagged,gear_id,from_accepted_tag,upload_id_str,average_speed,max_speed,has_heartrate,heartrate_opt_out,display_hide_heartrate_option,elev_high,elev_low,pr_count,total_photo_count,has_kudoed,device_watts
0,2,"{'id': 44351270, 'resource_state': 1}",Carrera vespertina,5028.9,1979,2209,48.3,Run,1,4027749623,2bf3223b-ee1a-47e1-81d9-2a28dd8d829e-activity.fit,4310921806,2020-09-07T23:35:19Z,2020-09-07T18:35:19Z,(GMT-06:00) America/Mexico_City,-18000.0,"[20.616401, -100.448611]","[20.616292, -100.447057]",,,,20.616401,-100.448611,1,1,0,1,0,"{'id': 'a4027749623', 'summary_polyline': 'osy|BzzadRUESHEFBx@HZAPIj@ATGV]~EGxAGh@Kl@UbCSv@e@x@_@v@qAfB{@xAgBdCmAhBm@b@k@fAo@xACFSJw@fAu@vAi@r@c@t@Qf@QTk@r@u@p@c@dAMLcAp@qAdAcAt@uAz@k@ZaAjAm@l@UNc@FKFYb@g@d@UHs@LcAn@WTSJk@f@iAt@a@^aAn@sAhAsA|@QHEDOb@URQFU@EBu@l@_BjAKJQJ[XiBtAy@f@_@RONC@MCD?BCF@HANIh@c@p@_@dBuAZ[`CkBj@QdAw@hAs@vAgAn@]DERGjAo@f@c@`@SrDuCb@SVQJML[NOFE^IPIf@e@r@{@PKt@q@^SRGRO`BkArAoAn@_@PQl@kAXSt@cAnAqBl@sA|@{AVYh@{@`A}@b@k@NKd@eAhBcC^s@hA}ApB{Cb@g@L[`@_BPuBHc@LmADqAPcB@a@Ju@ReC?IKWAI?q@TYFYRgCBcALcA', 'resource_state': 2}",False,False,False,False,everyone,False,,False,4310921806,2.277,5.2,False,False,False,1842.6,1803.8,0,1,False,
1,2,"{'id': 44351270, 'resource_state': 1}",Carrera por la mañana,5055.5,2033,2207,48.4,Run,0,4015337632,6df8d2e7-ae6d-4ff4-ac03-3624f392c405-activity.fit,4297701376,2020-09-05T13:11:49Z,2020-09-05T08:11:49Z,(GMT-06:00) America/Mexico_City,-18000.0,"[20.61659, -100.448376]","[20.616353, -100.447423]",,,,20.61659,-100.448376,1,2,0,1,0,"{'id': 'a4015337632', 'summary_polyline': 'sty|BjyadR@AGTDTAFEHCHFj@HZY~BDh@]~BGx@@l@E~@Mp@K~Ac@jBwA~B}@hA_B~Be@v@iAxAc@t@m@d@yAzCYZW\\u@pAw@nAUXcAfBy@~@_@VUXo@dAQP]Xe@j@s@b@w@p@gC`BMR}A|A[Ri@NyAnAOH{@NWLk@f@m@`@aAz@{A|@]\\YPONq@b@SRo@^a@b@EL_@d@w@TkBzAYL_@^WLcAt@uAjA{@h@IHH??BRCz@k@TUjA_AVQ`@]dDyBTSRUVOf@c@|@i@tBiB\\Q`@KZSj@a@N]FGFEZEh@i@j@WfAaAr@a@NOPa@HIJEZCJCt@i@r@eATUbAq@h@W^UdB{AfBkAPUb@{@LOVSPShBoCf@}@|AgCf@k@LIN_@zAyBDYTIJSx@eAv@sA^g@Xi@t@aAp@iAd@g@p@kAf@mALk@FcAXkBB_BB]Ae@T{ADm@@i@Jo@LoA@SHWCm@@}@Hc@R{B?K', 'resource_state': 2}",False,False,False,False,everyone,False,,False,4297701376,2.487,3.8,False,False,False,1842.6,1803.9,0,1,False,
2,2,"{'id': 44351270, 'resource_state': 1}",Carrera por la tarde,4999.5,2141,2314,48.4,Run,1,4003060338,c1f916c7-7ffe-4123-ba7f-604bb77b326a-activity.fit,4284971564,2020-09-02T21:37:25Z,2020-09-02T16:37:25Z,(GMT-06:00) America/Mexico_City,-18000.0,"[20.616376, -100.448542]","[20.616483, -100.448399]",,,,20.616376,-100.448542,0,2,0,1,0,"{'id': 'a4003060338', 'summary_polyline': 'isy|BlzadRUe@ACUBBb@O`@RbACdAOv@At@QnAA^Gf@GtB[rB?d@Ed@Qr@KZk@dAqBtC{@xAc@f@gBdCc@t@ANi@PWXcA`CUTi@x@s@x@Wf@WXe@dAk@t@Ub@e@h@a@\\s@pAMLu@h@g@f@mBzAyAv@y@n@cAtAaAf@o@TONGVYZm@ZuBbB_@Va@Na@^]`@[P]Ja@RgBpAo@`@}AlAe@h@m@\\e@d@mAv@o@h@WL_@XWViAt@u@r@YERCNIZWJS~AgAb@_@xB_Bd@Wl@i@JGf@MhA{@Z[`@Y`@UxAgATKPC`@Wh@_@^a@XKxAkAZORS~@m@\\]Vg@PI^Ix@m@fAmAp@i@VWlAo@|@q@jAgA^Yb@UNQh@eAd@c@xAoB\\o@dBeCZm@Zc@`@c@FUjA{BDIRO?C?F?U\\MRQtAsB|@kA|@qAl@gA`@g@x@mA`@}@JUF]J{AR{AH{A@kAj@sEDsAK]CQGO@M@IXc@FS', 'resource_state': 2}",False,False,False,False,everyone,False,,False,4284971564,2.161,7.3,False,False,False,1842.6,1803.9,0,2,False,
3,2,"{'id': 44351270, 'resource_state': 1}",Vuelta ciclística vespertina,14891.7,2921,6453,78.8,Ride,10,3993858410,e01de738-f778-43f7-9a4b-d49f678bcbf2-activity.fit,4275183253,2020-08-31T23:22:23Z,2020-08-31T18:22:23Z,(GMT-06:00) America/Mexico_City,-18000.0,"[20.61779, -100.438098]","[20.6063, -100.331345]",,,,20.61779,-100.438098,0,1,0,3,0,"{'id': 'a3993858410', 'summary_polyline': 'e|y|Bby_dRIBAHRCGFDA?CIOQq@EEG?[FGG@WjBcA~@m@j@S|A_@HG?CA@X?^KJG@OO_BQgAw@sG]{G@{@C_@_@aC[oCQy@a@cDBC?MEYK}A?s@MyBUuBKyASgAEs@Mc@SwAIsAa@wCYeDKs@e@yBGa@GcAW_B^gAb@OjFcAr@Qd@Ij@EXKC?~@Mx@[zCe@lBc@nEm@|A_@pAOpA[r@Wr@Ml@Gx@UzAWnE}@zBa@fDc@dE{@dEk@nEaA|Ae@`Do@rBg@lBa@vAUvC_@lDu@n@QrDm@hFgAbBWhBe@p@ITD\\Ax@KXFp@ZvAb@^B^ENKDUASGKJ[IoA@gA@KPIBGJcCJW^[^e@dAw@R]HW?Y[oAkCiImA}Ei@oBO{A?m@BWNw@h@gBF{@Cc@[YCO@aA[mIIeAIuBO_BEu@@kA?{CC_AGm@e@qC]sAm@iAm@s@w@gBoA_CSg@Mo@Us@S_@K_@AqABo@d@mC@i@Cu@w@qDaBcEGSCa@Ac@P}@@u@Ls@BYDs@@eANaAA{@@k@MwFKi@Wy@MW}@gAsAqAKSUo@]gBUu@_@aAw@cBSo@[s@_@cA]kBi@cBUiACYGuBBk@l@mEf@aCB_AKqBBu@Hq@^wARyAFs@DcDLyALy@H_AEc@@g@I_@DYCWFOW{@GwALoBA_ADy@CgAK_BGWIEQAa@BqA_@qAWgAa@mBiA]K]?a@INg@NqAA_BBo@@}@CiBG]YeAIi@e@eBOa@U[g@gAo@mBIe@YqGEgCJ{ELeAj@yCADBg@f@qBt@_BTq@l@aAtA}CZgAX_C`@iBLcAFiAL}@HcBFk@FkFR{@AcBGu@Mm@aA}CQgAu@cB]q@Qe@kA_CW{@k@oAGYQa@U_AQe@e@}@u@cAy@aBs@kAY{@o@qA]wB_@oAKo@W}@O_AI_BSaAE_B[mBSsBKc@aBiDm@s@sCoEgAyA}@aBo@cAkAiDe@gBWq@_@yAMiAg@mCESIKCQ@}@Ek@?q@BS?]ZyAReB@_@D]?e@Dc@Aq@PoBKsDJcBFSPSr@[`B]b@WnA]Hk@N[DYKo@WeAK[?Kz@e@nAeAp@_@D[AGMM@OC^h@zALlAf@fBT~@Fn@BD', 'resource_state': 2}",False,False,False,False,everyone,False,,False,4275183253,5.098,8.2,False,False,False,1858.2,1803.9,0,0,False,False
4,2,"{'id': 44351270, 'resource_state': 1}",2da.  Etapa regreso a sendero,11480.7,2063,2177,17.9,Ride,10,3956333307,794084bb-269d-4865-b0a1-275daa6fa600-activity.fit,4235059948,2020-08-23T18:39:13Z,2020-08-23T13:39:13Z,(GMT-06:00) America/Mexico_City,-18000.0,"[20.69199, -100.503023]","[20.617733, -100.438473]",,,,20.69199,-100.503023,0,2,0,3,0,"{'id': 'a3956333307', 'summary_polyline': '}kh}B|nldRAB@BRKPO`@MJIr@gAROl@u@j@c@`AcAl@]pCaDp@o@pBgB|AkBvCuCz@o@lBmA|@e@bCcBxD_ClDoBr@i@rBuBv@gAh@aA`AoCdAcEv@kDv@wCfByHZs@h@y@l@m@d@a@fAm@jAc@d@WfAw@h@]jAi@j@S~BoAhAg@x@QvBo@zCqAjC}@tFuAbAYfCk@nBk@xCs@hAg@fCu@hJ}C|BeA~DqBfBgA|HkG|BwAtAy@jDeBzA}@nCuAr@c@nAk@|CqAz@EKOAEFGbBaAx@]hAq@jA}@b@WPMbAeATQ`@SxBk@XKbE}B|@[v@_@d@MpB}@`Au@Z_@t@iA|@uA\\q@hAuA~@s@pAqAhB}AT[t@o@bAsA\\]\\QvAkA^_@T_@v@aBb@kBZ[FMPm@Hk@b@iAR_A~@wCv@yBXk@\\kAp@gBhAoC^mANc@Nw@^oAb@eANk@DI^[jAk@d@c@jAw@~@s@pDsDj@e@x@w@vBaC\\i@Te@Lk@l@cFjA_GjA{Dt@eDNa@h@_AXo@R[RUd@WnAa@bCm@|Ba@pBk@d@IrAe@PKh@SrCu@|JcD`AWl@KdA[j@MR?XE|Am@bAWbA[pAUbAKfA[~AY~A_@j@UpA]tBa@jG_B~A[pA_@lHwAzBm@bDi@~Dk@HK?KMeE@qBJaBBSHKHElCW~AKzBE`@ErB[NGJKB_@KcA@o@IaAGoAS{AEw@Bk@CoABOFKTKLMBOCeAJYTQ`@GXMf@g@~@gAz@_@LOFSJMr@k@j@{@FO?OI[', 'resource_state': 2}",False,False,False,False,everyone,False,,False,4235059948,5.565,12.5,False,False,False,1929.0,1803.4,0,0,False,False
5,2,"{'id': 44351270, 'resource_state': 1}",Sendero - alacranes-mompani 1a etapa,17427.3,5769,12248,386.5,Ride,10,3955924733,62dfb35e-52ec-4948-b335-a5531a34eda4-activity.fit,4234624824,2020-08-23T13:57:01Z,2020-08-23T08:57:01Z,(GMT-06:00) America/Mexico_City,-18000.0,"[20.632359, -100.46713]","[20.692777, -100.525995]",,,,20.632359,-100.46713,0,1,0,4,0,"{'id': 'a3955924733', 'summary_polyline': 'ew||BpnedRmAn@aEdDkFvDSB{BhB{BrAqEnDeBdAmFlEeEfCYZuFzDyBxBeAh@_ErCsBlA}LbJqAt@uDh@oBJeIToBCaFVmB?yDW}JsAoReB_Di@q@BiCtAiJfEeEvBgH`EaH~ECPHj@MPFdAGf@MZ{@hAiHbIs@dA_Ax@A|@Ez@`@jDCVSBoAp@s@Ne@Cy@NcACi@Ms@`@{@Je@OcBDaB\\w@X{Ar@]j@?\\Qf@MrABV[^D`AJZ`@^Lr@AXv@dCj@h@zDhAT^FZ@p@OjAuA~BGXHf@`AzAv@~AdAt@z@lA|@`@x@dAhBv@AZq@fAw@j@q@Nk@b@aAbAS^GXFTId@D\\E`AZf@JB_AhB_AtA]Tq@LiCjAeDvBaBbBoCvBmApBk@h@{@Za@@sBx@uCx@eFn@mCx@kJvBw@QuCQ}AUyDMwFi@qDKYXYn@An@Yr@}E`CqBlA}BnAeBxC{@|@[x@QnA_CdFoAfA{AfAGt@Z`Ah@vEJvCb@|ENxEl@zHhBjIMnGSlBq@zC?n@M|@g@ZaAZwEbCiDxAiA|@If@]v@i@nBGr@_@j@Fd@GBSKEFBf@MZAf@]RHz@]b@Iz@[|@CRF\\OPC\\KhIt@jEd@bB?RXrA\\lAKf@D`@Ef@Oh@m@f@o@pAuA|A@^Gp@w@tAGp@k@r@En@Qf@E^YZsAfEPh@^b@@VtCrKElAHBQLH_@KGEz@Y~@AZLPE\\y@zCg@h@i@~@i@`@_BFoA^cALI?@MKQmAMgAHYZe@FQCkIl@]PGOV}@t@{@Nk@\\UjA[~@aB^Fz@Kl@o@LA`B{@@SIMb@Mw@iAWkAo@_A@]c@k@Qg@][g@oAW@M|A}@ZMC_BOwAXSv@IFc@AyBxBmB_AM@KQCc@_@o@GgAQQODGm@w@mAJ_@Ny@QmAFiANk@CSd@u@PKPc@TK`@cAf@EVgBXMd@No@FGe@Ne@d@Od@Dt@_@IeAj@kBr@}@NaAn@yAQ}@F_AXe@Ba@R[E@^Gc@]DHMHZQXHVEVPf@BtAMLILDd@o@fAg@|@iA@UEI|@aBw@cDMMGiA?wBJm@?iBPqCLaAsAXZSb@CLJBKPGKCP?zKbB\\`@ENFz@Nd@RZbCfAd@J', 'resource_state': 2}",False,False,False,False,everyone,False,,False,4234624824,3.021,14.3,False,False,False,2080.3,1852.0,0,2,False,False
6,2,"{'id': 44351270, 'resource_state': 1}",Carrera vespertina,2009.7,690,1016,0.0,Run,3,3132618277,e2df3693-d6b1-49a0-87be-ee600ce55ba5-activity.fit,3346637545,2020-02-26T02:42:56Z,2020-02-25T20:42:56Z,(GMT-06:00) America/Mexico_City,-21600.0,"[20.619797, -100.400478]","[20.619889, -100.399995]",,,,20.619797,-100.400478,1,1,0,10,0,"{'id': 'a3132618277', 'summary_polyline': 'uhz|B~mxcRr@J\\PfCLVELGRYFU@QCOMa@KOYSSGg@C_BWYA[FQLWj@E^`@bAJ?nARR?r@Jp@BLETMLQHS@[Eg@KQMKUIs@Ow@Gm@AUF[NSPMRL|AHAh@HtATdADTCVMLQDUDUA]Uc@QOa@M{AUs@ASDSJW`@QRVvA\\B\\Ld@H|ALVEVONQFQ@i@CYKUYU{AOy@Mc@CSFa@h@EJAn@Lt@LDnAPjAFd@@RAd@SJKLc@?e@AIKQUSOIOEgBMo@KW?_@NKJKLET', 'resource_state': 2}",False,False,False,False,everyone,False,,False,3346637545,2.913,4.0,False,False,False,1822.5,1820.7,1,1,False,
7,2,"{'id': 44351270, 'resource_state': 1}",Mi primer 21k GDL 2020,21259.4,9272,9367,201.8,Run,0,3105387499,e2df3693-d6b1-49a0-87be-ee600ce55ba5-activity.fit,3316302846,2020-02-16T13:06:41Z,2020-02-16T07:06:41Z,(GMT-06:00) America/Mexico_City,-21600.0,"[20.674496, -103.388509]","[20.674543, -103.388193]",,,,20.674496,-103.388509,3,6,0,44,0,"{'id': 'a3105387499', 'summary_polyline': 'q~d}Bda`vRBnCHt@KrEFhHQzAPhGItADjJDdAEb@L~KGbJYvDK`@}@vIc@tBYpCg@vC_DbVNXlAVdI|@dE@r@kA^SXoApAqCxAcEj@aAdCkGlA}B^oAz@}AtAkD~@aBbDaIZi@p@iBx@eDbAqBx@{B`@o@l@oBh@mAd@o@nBiFh@w@dBuEpBsEfBiD|CuHtAaBZSP?|@|ARv@`BlD\\hAlDtIh@~@hCfFfBhFLPVANMB[f@oA^eBb@gAHm@d@wA|@qDfAmAxAq@nAiApBw@JOPFEIbA[z@q@Pg@Aw@w@aBc@g@u@sBo@eAc@iAeA{AsAiDmAyBa@kAqCeGw@sAs@mBmAiC}AuCiDkHiBcD]}@iCuEyA}Ca@aAKi@cBcEy@iCg@}BgCgI[wAFq@E{@{@o@m@aAe@eB_@Q]c@Re@gBiFa@o@YuAk@_Bi@yBLaBMWYWMc@?yCBuBMiFFc@Cu@JmBA_FJmA@yAQw@KHET@hEGx@B~AIbCNvDOlAR~BE`AF~@I\\EtA]lADt@PXb@ZhApB~@tEf@x@nAtDh@r@H^Cf@Vj@^`B^n@Nf@p@f@SFAHXh@?`@P\\Nz@x@~ARfAd@jA^j@ZnBh@hBp@~A\\j@nApDRdA@\\b@n@N`@d@b@x@`Bb@d@Tx@jCvFjAtBvBnEfAfCjAvBr@jBrBfEhAhBp@~Bn@t@z@nB^b@N^l@f@\\r@^nBx@xAdArDRZCd@Ub@eGlDs@l@wBrAo@p@w@lCc@l@m@`De@tAc@nBMPYAu@mAMg@mAsB}@_Cm@eAg@wAqAgC_@}A]i@mA}CaAoBu@{BL}@?_AXiAvAmCt@aBV_Ah@g@Vo@p@w@PkAl@mAVaAp@{Ah@q@l@{BZ_@TIp@kA?YKi@cC_AQBOTGf@BjAM~AoCvH_B`D[fAWXMz@gBjDe@`ByDxH]dAi@l@a@dA]b@aA|BwBpFuD|HWdAcBvCSv@cApB_@vA_BdCwBhFY^k@\\cA~A_@nAY`@Wt@s@bAOn@cCjFs@nB}CzGUp@cBdDQt@cBtDWZSv@aAzAy@~BuAzCa@TsBQgDe@s@SwAO[MEUPgBA]^oBdBoMb@eCF_APy@@e@~@iIh@uCD_BRuBAoSKoCAsDOgDFg@AeKNaBGkGHs@Eq@@uCMmB@gC', 'resource_state': 2}",False,False,False,False,everyone,False,,False,3316302846,2.293,6.1,False,False,False,1631.7,1557.1,3,3,False,
8,2,"{'id': 44351270, 'resource_state': 1}",Carrera a la hora del almuerzo,6024.8,2683,2699,151.9,Run,0,3042848127,,3246209130,2020-01-25T18:15:17Z,2020-01-25T12:15:17Z,(GMT-06:00) America/Mexico_City,-21600.0,"[19.499828, -99.180103]","[19.498777, -99.176642]",,,,19.499828,-99.180103,0,4,0,1,0,"{'id': 'a3042848127', 'summary_polyline': '{p_vBtbj|QJDl@Lp@Th@L\\BXA`@Qr@UNK`@MBETId@WZWLEHID?DGLYD_@HQTgAHg@HWBQ\\y@BOE_@UOQCSIu@QSOSCKGWU_@G[@OCc@AOSWKe@AKEg@]MAeAc@QCs@Qa@G]Ke@AQKe@@i@XY^k@lAMd@Yp@M`@CRCDId@Ex@Q~@Gt@BTJNLHFHVFJ\\^H`@Ph@H^L^Dh@Jh@RN?d@J`@B~@Xr@LT?n@Dh@Gt@[LIb@ILGp@k@NSf@{@Jc@Zu@NqAFML{@?QCSMQi@_@QEa@CWMSEC@sAa@k@I[QWIQEM@MCYOc@OIGk@Mi@Ya@MIAQMOEe@ESHYRm@`AIXWd@KZI`@KXYh@Of@AdAIf@Gj@Bh@FNLLTPj@Ln@Tv@Hj@PTJL@~BZLJZLF?LLN@RNLBzCo@RKXENI\\SHKL[TkARe@PqAd@oAAOEOq@s@]Sg@Uc@KYAYKe@KSGQMkBg@k@Uc@IOKMAe@U[ESIMA]HWNUH_@`@SJu@z@]r@K^Gd@ENEJIHCHGnA@r@PZNNPDt@d@n@Pj@^DBDJPLLFTBXNRBfBr@p@Pl@Gv@Yh@YZ_@Jc@Ny@DE^KDCEQNSNIBOC]Mk@i@eA?a@@Q?OEM@YDA?KIUCa@EAUe@E?i@WOCGIe@KUAMK[Qk@Oe@Q_ASU@WZ]|@Sn@G^_@`AKp@IfA@nAIz@?NDLFHVPj@VVHf@Xr@Hh@@\\L\\Nj@DEB?DNLJ@PJHHNJl@MXWn@[LEb@[dAoB@uAF[?a@?EHEDKAKKUIMFU?GKCa@[E@MEUOYM_@MKG?OIWGKIK_@SUE]K[Q', 'resource_state': 2}",False,False,False,False,everyone,False,,False,3246209130,2.246,4.1,False,False,False,2261.8,2242.2,0,1,False,
9,2,"{'id': 44351270, 'resource_state': 1}",Carrera por la mañana,19008.9,8346,9386,140.8,Run,0,3026282031,354ee497-a191-471b-9012-f2365abd42fc-activity.fit,3227704221,2020-01-19T16:57:00Z,2020-01-19T10:57:00Z,(GMT-06:00) America/Mexico_City,-21600.0,"[22.132326, -101.01076]","[22.133533, -101.007679]",,,,22.132326,-101.01076,2,4,0,1,0,"{'id': 'a3026282031', 'summary_polyline': '_vafCftogRFCj`Ajj@kw@oj@kB`ApAa@`AXp@nAjAvAhCtCz@VBd@zBdCt@pApBbBPd@t@~@z@n@l@NzAFjC`Ar@E|@m@bAyBLu@~@y@hAgBtB{EhF{J|BwEbGmMj@u@jBmEtGeLXw@ZgBJ_AXaArB{CXq@XkC?a@Q]_BYcCOqAYoBoA_@_@Qe@@g@Vu@rBkCp@qA~@oArA}CAyAWcAUe@CiAm@sBq@eAk@YsHcAqEaAsC[yBg@sKeD_AO{@@{Bz@mBzAiDfD{DtC]h@kGvFi@r@mBZc@Zm@nAa@N_@A_Dq@eDyA}A[mAi@aFmAKcAZcCz@wBfAiBl@q@|@i@zA_@`CGzG^r@NnAt@p@z@Bl@Ij@MpBg@x@Ux@kBlBkBxCy@t@gB`D{Az@[ZSv@]`@e@FeDUm@D_JQsDz@k@j@PpBCh@`@lEb@lB@rBTxBZtA|@a@~Fy@rBqALWFm@\\u@J}B`@iAfA{AZaAh@_AZcAl@{@bBMnB|@bAfA`AxBl@dC?pB_@hBItB]zCMXDJWCGSn@LLb@Eu@Qz@?bBm@bD]nGQPmAb@]l@Kb@Hr@^^ETFn@i@jBOjAAhALfA`GjHNHXEAJQJBLTLhFvGfAfAfBdC~H|IrAd@zAJfCp@z@Mn@c@p@}@t@wBdI{NtAmDlBeDhCcFdAcCv@mAdFsKv@iAl@{Aj@w@h@mAX_@lAiD@Y~@iEjCgDPg@JwA]iAaAYgDa@iBg@wAeAg@s@Fs@Rm@x@{@zAkCjBgCp@{A?]N{@aAkB{@kFOWs@Wi@e@{Bg@eAKq@Bm@g@cBa@oJsAq@YsJsCs@Gs@J{BdAw@bAs@b@gAnA_FnDgAnAyGzGm@NgAFqAn@Uj@\\lBRVt@Nn@?\\MVWRu@?i@Om@{@w@}@C{@j@Yl@m@h@k@Hk@YuD{@y@_@e@c@_CYsAw@eBe@iAEKIG[B}@TyAZmAh@eAb@i@r@gBf@k@~Bq@fBAjCRVI`CL~Ab@rAx@b@dAFt@sBbHoCzCUf@iAnAg@`AgAxA_Ah@s@p@If@NjAE|@sB|Fc@jDY\\gApCo@|@yAtAiA~BuAl@wA\\WX_@Lg@~@@\\Xb@Fb@d@z@bAv@zApBtCrChDjE', 'resource_state': 2}",False,False,False,False,everyone,False,,False,3227704221,2.278,10.3,False,False,False,1954.3,1883.1,1,1,False,
10,2,"{'id': 44351270, 'resource_state': 1}",Carrera por la mañana,6176.2,2580,2596,70.2,Run,0,3022179166,84b1f1af-a06e-4f3c-bf27-bb2114a8bbb1-activity.fit,3223139437,2020-01-18T14:48:15Z,2020-01-18T08:48:15Z,(GMT-06:00) America/Mexico_City,-21600.0,"[20.644303, -100.372988]","[20.647401, -100.37968]",,,,20.644303,-100.372988,0,3,0,1,0,"{'id': 'a3022179166', 'summary_polyline': '{a_}BdbscRh@MD@?BW@MTE@M?e@ESD?D?d@Gv@Br@C`AD^Aj@K`@@z@Cf@@f@Gb@KPEDK@oBa@[CW@[XWLOV?NBRCl@D`ACr@@n@Gr@Fl@APBt@E`AER@ZK`@?d@AHQTOj@MVWV_@J[NYR{@[g@Ga@KQAaEcAa@O]AaCm@i@Iq@Qm@Ge@OgAMkAYo@Gq@Mq@Om@SaAWYE[AYKqAUk@QO?ABBBr@PLBd@Af@D^J|@N^Hr@LX@jBf@ZNz@P^F|@P~ANl@Pp@JHD^FP\\DD|@Nx@\\lAZxATj@DlAZP@\\HfBZj@N|@JPDK@YEgA_@uBc@m@Wk@GeBa@iAMq@S_@Qc@K]C_AOwBc@iCs@IAOBqA]mF_AkAY[MmB]w@IRBh@PTAtAVl@HxH~AjCZp@RXDp@P`ALPVrAb@vAT\\JfAP`AXlAXfB\\n@FLDJH`@HNJb@LJ@e@KYA{@]_Cq@]G]Kk@KcDu@m@IUKm@I{@UwBa@m@Qy@Qk@Gy@Sy@KaCk@o@E]Ke@Ga@Ow@SgCc@MCI@z@Pl@?|@Pj@Dn@P|Dn@rBh@`@Dv@Lf@RzAZf@P^DFFFLFB`BT|@Vr@Fj@Np@TPLj@P', 'resource_state': 2}",False,False,False,False,everyone,False,,False,3223139437,2.394,5.6,False,False,False,2029.7,2005.4,0,1,False,
11,2,"{'id': 44351270, 'resource_state': 1}",Carrera vespertina,5958.8,2076,3007,0.0,Run,0,3018117832,84b1f1af-a06e-4f3c-bf27-bb2114a8bbb1-activity.fit,3218578821,2020-01-17T02:34:00Z,2020-01-16T20:34:00Z,(GMT-06:00) America/Mexico_City,-21600.0,"[20.619851, -100.400472]","[20.618863, -100.400678]",,,,20.619851,-100.400472,4,4,0,10,0,"{'id': 'a3018117832', 'summary_polyline': 'aiz|B~mxcRp@PT@r@LtANRAVGLIR[FODY?UEOIMWUSIKAuAMcAMY@WFWXGNEX?VBHLXPNf@NfCZP?TCTKPSN]?SC_@IUUQ]Ig@C}AUc@?QD[NQVK^DZFPXXXLhCTgDWt@JZHtAJZ?XELGRSLYF[AUK[OM]MkB]u@GYBYLQTOZCRB^FLPRRHlBVbAFf@MRSLUBYEWMQYUOG[GgBUSAa@HQLWVITANBTHRLN`@RdCTiD[~@Tn@Bv@Jd@@XIJKLULm@@SGUGOUOi@OkBOm@CYFUNOXGX?NDRVXPLh@LnCZNAXMNMNWDQCa@MUUSSEaAMo@Mw@IQBWHUPIPAP?VDTLVPLl@NdCRf@ABBQFUBIEMQVB\\AVIJML]BOIe@OS]OiACo@OYE]D]J_@d@CJB\\JXLNPJTDz@JvAJPCVMV[FOBWESKUUUa@KiBYw@GQ?SJMNIVCTB\\DNJTVR\\JpAHbAH{AqFsA~D@JRJ^Df@Jl@H^@PAJEPMRUHY?e@EMSUSKk@OqAQe@E_@BUDWPKREN@RF`@R^NJLDpCV^C^SJKJWDQAUEKS[QKkAOa@Kc@Ia@AQDc@ZGJAN?`@DRBHNP^LjCd@iDaAPTXRf@FhBXJANG^_@PYBUGc@MYMIWM{A[cB?[HIJGX?b@Jj@NRLHb@LhCZXCPITWJY@UEUOWUOSKe@Eg@Ku@Gk@BSFYPKRCR@NJXPRj@N`CX', 'resource_state': 2}",False,False,False,False,everyone,False,,False,3218578821,2.87,10.8,False,False,False,1822.7,1820.7,1,0,False,
12,2,"{'id': 44351270, 'resource_state': 1}",Carrera por la mañana,12785.5,5999,8165,238.0,Run,0,3005470509,84b1f1af-a06e-4f3c-bf27-bb2114a8bbb1-activity.fit,3204413414,2020-01-12T14:10:55Z,2020-01-12T08:10:55Z,(GMT-06:00) America/Mexico_City,-21600.0,"[20.642472, -100.415761]","[20.640267, -100.400585]",,,,20.642472,-100.415761,0,3,0,1,0,"{'id': 'a3005470509', 'summary_polyline': 'mv~|Bpm{cRFHAHB~@FZBx@Jp@?^T`DHd@@fAJp@@h@HRD^APDj@R~B?xACr@QvBGbBQvAEn@@ZWzAAdAKp@CnAUzACf@EX]h@KJYHq@HwAFm@N}ANi@C{@B{BM}@DgBOSE_Ak@k@q@s@m@]SeA}@_@OWEy@Aq@Ja@Pu@z@Ud@Gr@Ib@AhBB^Jf@HXHJ?FGXEHKHO@aEGeD@{EGqDBq@Ao@T]VSFkBGy@DgA?uDPsAJw@@oDV_AHgBFs@F[ZgAjBKf@s@xBYlAg@rAQp@Q~AEtBTdCALO\\CZBf@K\\oCZuAAsE\\a@CoAJ}BBcE^s@?wE\\]?{@H{A?KDP@Y?^BDBFjB?FGHv@A_@BFBvACNFDNDhBHhAFBvADVGBWCq@EWMgB?MDG~AOtCArBQtAEv@GDBDb@DJHn@Rv@?TOv@CXBb@FHDE?UIqB@[Go@@o@CSGUDK|AA`COhBC`AGz@@xASt@An@K`AEp@ItCQTEt@?~AOf@@rBKrBOhBG|BS|@?JDH|@El@L`AHRLfAFPJB@?@GQa@EQ?QHY@KKu@UaACs@@EDExCa@xEBrAOh@A^InAKtBMr@Ch@@n@KXBb@Ir@?bBQfBCJHL@RKZGfAK~@CTHh@CQEGi@oLu^CUW}@Em@PeCJi@N[f@m@|@c@^Gr@B|@^ZTRNDJx@t@TLTXLJv@`@jA\\ZLbCGj@Fj@?r@Dt@GP@PEp@F^CZMx@AlBg@PGJMXy@XoBJkA?WFe@?]BS@c@Fc@B]NqADiAAQZwC?YFs@@g@?gAEgAWoCCu@Ge@Ae@Ke@GaBc@yF[uCKkBBsAHg@LwBL{@A[?{@ReAFgAZaDDeA?k@PkB?[CCYE}@@]G_@@SCs@AUGuCa@{AG]K_AMMGS@w@IIGFMLAdBPZH\\A~ALTCnATXCb@JxAPf@?jAL^EHe@Fy@RsA@wADe@?UFw@@e@RcBBo@TaBBo@Ac@JcBTQ@G?g@FOTkC@m@RoBZ_FFm@@e@PmBB{@Js@JcCP_AFo@@c@JkA?u@PoBLcBBI\\@FUBAVFlAHhCGDIG}ADqAAMIK?[EEWGe@AoAMg@D}@?MHI|@Mh@_@dCvA`@BNQfAIpCIv@@ZEpAI`@?F', 'resource_state': 2}",False,False,False,False,everyone,False,,False,3204413414,2.131,4.0,False,False,False,1961.2,1816.7,0,1,False,
13,2,"{'id': 44351270, 'resource_state': 1}",Carrera vespertina,7827.4,3407,4859,28.1,Run,0,2994726157,84b1f1af-a06e-4f3c-bf27-bb2114a8bbb1-activity.fit,3192383755,2020-01-09T00:27:20Z,2020-01-08T18:27:20Z,(GMT-06:00) America/Mexico_City,-21600.0,"[20.57062, -100.419205]","[20.600728, -100.385819]",,,,20.57062,-100.419205,0,2,0,1,0,"{'id': 'a2994726157', 'summary_polyline': 'kup|B`c|cRFLADIAO@[?}@Kc@BQAi@MWAQCc@?]BcAEi@?MAY?MEc@@MGIOo@aDBQVc@Xu@?Ma@mASYUq@]s@CSMi@KUg@kBCCI?]u@I?ULy@PYLaAz@o@`@e@F}@Fa@AiADc@AwA@[Cu@@w@B{@AeA]uAaAe@{@KUi@kCKgAUsAKcBQw@C]O_@OgAEy@@WAWSa@K[W{Ba@uBEe@QwAGQOyAGMMs@Oa@AYa@eAQWIWKQAQEM_@m@K_@GOECAUCG_@g@OYKI[Ig@g@k@YKK]We@Se@]k@Uk@]g@q@[YQ[]GUOYGEQCg@CQD]HuACu@CYIa@K[c@w@Sw@MU[OEAMFe@d@cAb@KLUHYTYLs@p@_@f@{@b@i@RMJi@\\OLc@PMLgAn@oB`B_@VQBgAl@[ZAB@A[RONa@T[VaATqAz@SHk@N[NaAv@aBl@i@PWLkA`@[PoAd@mAr@K?MEI@EC[uAGmA?QB_@GsAmN{RPFBIE[?i@H}DAk@q@uBWuBMc@c@o@i@k@MYYOMMo@}A]g@Uu@Km@g@aBKe@Ig@Mc@Es@Kc@@YNk@Bw@Hc@Bo@@{@M}@A[Yq@K_@KEOQo@kAO_@?KA@_@gAMAEGHo@BcAVmB?y@Lo@Di@Lw@@SKcB?a@EMEe@Oa@M_AIK@YpAs@LA@@AECU[aAu@eAu@q@UWU]]y@CKCc@QmAa@iA]m@k@yAYi@Ou@g@cBGe@M_@Eg@GQOY_@gBCiABiA?{@Hw@Pk@Ja@^oCB{@AOBS@[AiAL_ACc@De@H[Hc@?e@Rm@@QRaAFgCF{@E_@@STiB?a@Qu@CG[GODDFCb@DrAEdABh@Cf@QbBIjBEf@q@lDAdAGf@Bv@Fd@Eh@?~@Y`BYrB|@fRVf@BH', 'resource_state': 2}",False,False,False,False,everyone,False,,False,3192383755,2.297,4.1,False,False,False,1828.0,1805.2,0,0,False,
14,2,"{'id': 44351270, 'resource_state': 1}",A despertar con una gran actitud,8178.0,3037,3093,203.1,Run,0,2973209901,84b1f1af-a06e-4f3c-bf27-bb2114a8bbb1-activity.fit,3168095832,2020-01-01T14:52:09Z,2020-01-01T08:52:09Z,(GMT-06:00) America/Mexico_City,-21600.0,"[19.501907, -99.178139]","[19.501737, -99.177904]",,,,19.501907,-99.178139,8,1,0,1,0,"{'id': 'a2973209901', 'summary_polyline': '{}_vBjvi|QB?ACEXBLDFENElABVFRCHIFERBJFJZHTA`@JLJd@FhAb@`@^JFf@FLA`@L\\C`@Bd@APFPNVDJTPNRBj@RNBn@Eh@_@^a@fAa@LO^Oj@e@BMAED[EFLMDIDYCWAu@BWH^DDF@DUVm@F_@CQMQUOg@q@?s@UE]B_@LI@ECQWa@AUWYMw@CSKODi@[qAWy@HKCEK_@YG_@CEs@TOAKCGOSMMSQKQ?S\\ENGJ[TEPIN{@~@QVQf@[zAG~@QtA?XDN@TCN@HN?LLTJN?FEd@P\\Vt@DXLHR?FJFl@JNATD`@ON@pClAr@R`@Ft@ECQh@a@j@WBLFAd@WNIN[LIRYZILKHCJSDc@To@Fo@Ry@B?BEC??G?u@Cg@OKKO_@QWC]K}@?c@UKMqAe@DKABSBKIAIEAb@e@DECEWE_@?GIs@Be@MDWO?yDt@aAC^_@SDSG?KCA_@?[DWJ]RSPAH@@OZKX@BAJKd@]fAA`@ECA@IRGn@XH@HUx@EXEx@@d@DNLPVNLPPFzAKh@JLFHNLFXAn@TH@JMNDTA`Bz@l@NRAb@JpAUl@@j@a@r@Sp@a@`@_@Tk@Nu@FgANw@`@iA@ME]GSY_@[SOQk@Ow@Cc@I_A]c@[cBSc@?YE}Am@WSm@C_@KU@{@E[@e@HOLU`@O`Au@hBOXQj@]bB?|@IRGMID@B?\\T\\D`@FN\\P\\A^JT@d@PhBb@bA\\PARE~@Rl@Xb@LpAJJAPBXEXDZEb@Y\\]f@Yt@m@HM\\cALaAFYFGTqANa@Jy@GUBUSC[OK_@IEcAGCGu@JQ?]Mi@Gy@RS@UE]O?AU?OAa@M]SUKLE?Cg@c@Dg@KAcALc@IkCTKFKROJSb@s@~@IXGd@Wp@G\\@h@SxC?b@BDh@Tl@Ld@D~Bh@t@h@r@XR@LCT?`@LbAJf@Lt@HNI`@E`@A`@Kb@S~Aa@NKHKNo@JKHa@Da@ZqBELPODY?SEQa@e@?YYg@D[HUAIMG_@I[C_@@e@GXA}@L_@ACCO@UKKOa@Hi@DW?YGo@[g@OD?CKKCOCW@]E?GSE{A?_@CBMFCICBGODYZQFONy@tAOb@If@Yf@', 'resource_state': 2}",False,False,False,False,everyone,False,,False,3168095832,2.693,7.9,False,False,False,2256.6,2241.7,0,2,False,
15,2,"{'id': 44351270, 'resource_state': 1}",Tarea sabatina,6346.8,2019,2147,108.4,Run,3,2868810358,,3044160292,2019-11-16T13:27:27Z,2019-11-16T07:27:27Z,(GMT-06:00) America/Mexico_City,-21600.0,"[19.509975, -99.182938]","[19.499511, -99.180179]",,,,19.509975,-99.182938,11,3,0,1,0,"{'id': 'a2868810358', 'summary_polyline': 'ipavBjtj|QIDFFVJHABABWBIHCXi@FUJIJi@?o@HSHCTARHJHlBj@p@BjB`@HADEXmAHw@ZsA@III@Wb@eBLs@CC@WPk@Ls@b@eBP_@DCJo@HcAH[@]RqAHYFCD?b@WVITCNUHE^?pAe@L?d@Ob@Sh@]`A]`@EVKv@Gv@SRMZEZON@ZG`@WPWVI^CZFr@CLEHMACHBXILB\\NJHZ`@H^LTCT?f@tA^BBOBKIIAODUAYBGCEGa@Ng@\\ObA?N@Dm@|AYp@AJ@VE^JTMb@SjAPDBD?LRFd@f@P@RLDNNKTBHJDLLRVFrPtCl@?qNkBJLF?\\HJEFA\\Hd@?TFr@DD@JPFD`@BfAQz@STAJ@PG^k@p@c@XYl@}ADa@DCDYNSHg@DGTAFGDG@y@CUOo@[YGOk@Ae@Iy@G}BWcDs@^PwB_Ao@DgA@SKY?y@KkAIrAU@EMC]AIB?DSLIPI^Qb@FNEL]n@_AfCKdA?EIVAFNv@MjAJXJEJBj@|@PLJBb@@v@EP@HD?HDF`AZz@BHDr@JNONACOf@PL?JN`@HHFRB~@]NB\\CJK^QZDXEh@[`@IPMPQPKDKR{@PaBHWFcBBMHK@GCOOWa@[MEy@QIJq@CgASKNQOOGEUwDeAwAWq@Gx@EEAyAAc@m@YK[EEJMLy@EBBGNSXa@dA]l@GTS\\O`@OJCFKr@@ZEr@QZFj@Ez@d@v@z@NR^LFtAW`@EN@HD@RDJj@FFHPFrAVhAV', 'resource_state': 2}",False,False,False,False,everyone,False,,False,3044160292,3.144,20.7,False,False,False,2255.6,2236.6,10,1,False,
16,2,"{'id': 44351270, 'resource_state': 1}",Carrera por la mañana,5534.9,2041,2136,23.9,Run,3,2727811957,,2891538177,2019-09-21T13:42:51Z,2019-09-21T08:42:51Z,(GMT-06:00) America/Mexico_City,-18000.0,"[20.64469, -100.373305]","[20.618858, -100.390398]",,,,20.64469,-100.373305,0,3,0,1,0,"{'id': 'a2727811957', 'summary_polyline': 'id_}BddscRAh@H`ABFAREVFl@?`ADP@^FL?PBNDj@V`@^`@dAl@tAVlBd@`@Fb@NjAPp@P\\@dB\\zARt@RNTFBT?t@FbC`@ZBn@P|ATR?r@[RCnAHPANN@PKh@Iz@QpCEnASnBCf@@d@Mz@Af@u@`JCn@OdB?bAEl@Ib@GpAKnAGV?b@C`@UxB@NHb@CbAGjABZCz@MzAG|AI`@Ah@EPDz@?d@@DFFRJNBXAx@PJCd@B\\Af@FTAZFZ@R?f@MPBz@^F@LAZFd@\\TFfAJPHFHJZLNDP?\\BXTx@FJFRLdAFNPTRv@\\h@FBXDDJZRFABCBQJUHi@H{AFc@PYF_@P[PYXWbA[^YVC\\Pd@FRNx@\\XTXL\\Ld@LXPX@HFH?b@Ef@?VKv@GVQ\\Kf@WdAUD?f@ELGf@EVMz@[b@WVW^WJYx@sA`@sAT_BBkAAc@@e@Ee@@]F_A?]Ju@Ag@@]@E@LBBd@HJAGA?ODa@AKJa@LO^YVGV?NJLTX^J\\Xj@Bd@EJPZPd@DXPTNb@NRFXJRBRHP\\VbA|ANLFLNHFNHHNXFB^h@PFPNh@b@ZZVBNDVZd@XTVJDj@DNJ\\Hf@ZJ?b@JPGJ@pAPTHRB\\Ml@GVKb@A^BJEfAEP@^RJALBFCH?VBTFXPz@BHFP@DBh@ELI', 'resource_state': 2}",False,False,False,False,everyone,False,,False,2891538177,2.712,5.0,False,False,False,2010.2,1833.4,0,0,False,
